HeadA,HeadB,HeadC,Range
abc123,"def 456",ghi789,5
"jkl,012",mno345,pqr678,6
blah,blah,blah,7
blas,blas,blas,10
meh,meh,meh,9
abc123,"def 456",ghi789,5
"jkl,012",mno345,pqr678,6
blah,blah,blah,7
blas,blas,blas,10
meh,meh,meh,9
abc123,"def 456",ghi789,5
"jkl,012",mno345,pqr678,6
blah,blah,blah,7
blas,blas,blas,10
meh,meh,meh,9
abc123,"def 456",ghi789,5
"jkl,012",mno345,pqr678,6
blah,blah,blah,7
blas,blas,blas,10
meh,meh,meh,9
abc123,"def 456",ghi789,5
"jkl,012",mno345,pqr678,6
blah,blah,blah,7
blas,blas,blas,10
meh,meh,meh,9
abc123,"def 456",ghi789,5
"jkl,012",mno345,pqr678,6
blah,blah,blah,7
blas,blas,blas,10
meh,meh,meh,9
abc123,"def 456",ghi789,5
"jkl,012",mno345,pqr678,6
blah,blah,blah,7
blas,blas,blas,10
meh,meh,meh,9
abc123,"def 456",ghi789,5
"jkl,012",mno345,pqr678,6
blah,blah,blah,7
blas,blas,blas,10
meh,meh,meh,9
abc123,"def 456",ghi789,5
"jkl,012",mno345,pqr678,6
blah,blah,blah,7
blas,blas,blas,10
meh,meh,meh,9
abc123,"def 456",ghi789,5
"jkl,012",mno345,pqr678,6
blah,blah,blah,7
blas,blas,blas,10
meh,meh,meh,9
abc123,"def 456",ghi789,5
"jkl,012",mno345,pqr678,6
blah,blah,blah,7
blas,blas,blas,10
meh,meh,meh,9
abc123,"def 456",ghi789,5
"jkl,012",mno345,pqr678,6
blah,blah,blah,7
blas,blas,blas,10
meh,meh,meh,9
abc123,"def 456",ghi789,5
"jkl,012",mno345,pqr678,6
blah,blah,blah,7
blas,blas,blas,10
meh,meh,meh,9
abc123,"def 456",ghi789,5
"jkl,012",mno345,pqr678,6
blah,blah,blah,7
blas,blas,blas,10
meh,meh,meh,9
abc123,"def 456",ghi789,5
"jkl,012",mno345,pqr678,6
blah,blah,blah,7
blas,blas,blas,10
meh,meh,meh,9
abc123,"def 456",ghi789,5
"jkl,012",mno345,pqr678,6
blah,blah,blah,7
blas,blas,blas,10
meh,meh,meh,9
abc123,"def 456",ghi789,5
"jkl,012",mno345,pqr678,6
blah,blah,blah,7
blas,blas,blas,10
meh,meh,meh,9
abc123,"def 456",ghi789,5
"jkl,012",mno345,pqr678,6
blah,blah,blah,7
blas,blas,blas,10
meh,meh,meh,9
abc123,"def 456",ghi789,5
"jkl,012",mno345,pqr678,6
blah,blah,blah,7
blas,blas,blas,10
meh,meh,meh,9
abc123,"def 456",ghi789,5
"jkl,012",mno345,pqr678,6
blah,blah,blah,7
blas,blas,blas,10
meh,meh,meh,9
abc123,"def 456",ghi789,5
"jkl,012",mno345,pqr678,6
blah,blah,blah,7
blas,blas,blas,10
meh,meh,meh,9
abc123,"def 456",ghi789,5
"jkl,012",mno345,pqr678,6
blah,blah,blah,7
blas,blas,blas,10
meh,meh,meh,9
abc123,"def 456",ghi789,5
"jkl,012",mno345,pqr678,6
blah,blah,blah,7
blas,blas,blas,10
meh,meh,meh,9
abc123,"def 456",ghi789,5
"jkl,012",mno345,pqr678,6
blah,blah,blah,7
blas,blas,blas,10
meh,meh,meh,9
abc123,"def 456",ghi789,5
"jkl,012",mno345,pqr678,6
blah,blah,blah,7
blas,blas,blas,10
meh,meh,meh,9
abc123,"def 456",ghi789,5
"jkl,012",mno345,pqr678,6
blah,blah,blah,7
blas,blas,blas,10
meh,meh,meh,9
abc123,"def 456",ghi789,5
"jkl,012",mno345,pqr678,6
blah,blah,blah,7
blas,blas,blas,10
meh,meh,meh,9
abc123,"def 456",ghi789,5
"jkl,012",mno345,pqr678,6
blah,blah,blah,7
blas,blas,blas,10
meh,meh,meh,9
abc123,"def 456",ghi789,5
"jkl,012",mno345,pqr678,6
blah,blah,blah,7
blas,blas,blas,10
meh,meh,meh,9
abc123,"def 456",ghi789,5
"jkl,012",mno345,pqr678,6
blah,blah,blah,7
blas,blas,blas,10
meh,meh,meh,9
abc123,"def 456",ghi789,5
"jkl,012",mno345,pqr678,6
blah,blah,blah,7
blas,blas,blas,10
meh,meh,meh,9
abc123,"def 456",ghi789,5
"jkl,012",mno345,pqr678,6
blah,blah,blah,7
blas,blas,blas,10
meh,meh,meh,9
abc123,"def 456",ghi789,5
"jkl,012",mno345,pqr678,6
blah,blah,blah,7
blas,blas,blas,10
meh,meh,meh,9
abc123,"def 456",ghi789,5
"jkl,012",mno345,pqr678,6
blah,blah,blah,7
blas,blas,blas,10
meh,meh,meh,9
abc123,"def 456",ghi789,5
"jkl,012",mno345,pqr678,6
blah,blah,blah,7
blas,blas,blas,10
meh,meh,meh,9
abc123,"def 456",ghi789,5
"jkl,012",mno345,pqr678,6
blah,blah,blah,7
blas,blas,blas,10
meh,meh,meh,9
abc123,"def 456",ghi789,5
"jkl,012",mno345,pqr678,6
blah,blah,blah,7
blas,blas,blas,10
meh,meh,meh,9
abc123,"def 456",ghi789,5
"jkl,012",mno345,pqr678,6
blah,blah,blah,7
blas,blas,blas,10
meh,meh,meh,9
abc123,"def 456",ghi789,5
"jkl,012",mno345,pqr678,6
blah,blah,blah,7
blas,blas,blas,10
meh,meh,meh,9
abc123,"def 456",ghi789,5
"jkl,012",mno345,pqr678,6
blah,blah,blah,7
blas,blas,blas,10
meh,meh,meh,9
abc123,"def 456",ghi789,5
"jkl,012",mno345,pqr678,6
blah,blah,blah,7
blas,blas,blas,10
meh,meh,meh,9
abc123,"def 456",ghi789,5
"jkl,012",mno345,pqr678,6
blah,blah,blah,7
blas,blas,blas,10
meh,meh,meh,9
abc123,"def 456",ghi789,5
"jkl,012",mno345,pqr678,6
blah,blah,blah,7
blas,blas,blas,10
meh,meh,meh,9
abc123,"def 456",ghi789,5
"jkl,012",mno345,pqr678,6
blah,blah,blah,7
blas,blas,blas,10
meh,meh,meh,9
abc123,"def 456",ghi789,5
"jkl,012",mno345,pqr678,6
blah,blah,blah,7
blas,blas,blas,10
meh,meh,meh,9
abc123,"def 456",ghi789,5
"jkl,012",mno345,pqr678,6
blah,blah,blah,7
blas,blas,blas,10
meh,meh,meh,9
abc123,"def 456",ghi789,5
"jkl,012",mno345,pqr678,6
blah,blah,blah,7
blas,blas,blas,10
meh,meh,meh,9
abc123,"def 456",ghi789,5
"jkl,012",mno345,pqr678,6
blah,blah,blah,7
blas,blas,blas,10
meh,meh,meh,9
abc123,"def 456",ghi789,5
"jkl,012",mno345,pqr678,6
blah,blah,blah,7
blas,blas,blas,10
meh,meh,meh,9
abc123,"def 456",ghi789,5
"jkl,012",mno345,pqr678,6
blah,blah,blah,7
blas,blas,blas,10
meh,meh,meh,9
abc123,"def 456",ghi789,5
"jkl,012",mno345,pqr678,6
blah,blah,blah,7
blas,blas,blas,10
meh,meh,meh,9
abc123,"def 456",ghi789,5
"jkl,012",mno345,pqr678,6
blah,blah,blah,7
blas,blas,blas,10
meh,meh,meh,9
abc123,"def 456",ghi789,5
"jkl,012",mno345,pqr678,6
blah,blah,blah,7
blas,blas,blas,10
meh,meh,meh,9
abc123,"def 456",ghi789,5
"jkl,012",mno345,pqr678,6
blah,blah,blah,7
blas,blas,blas,10
meh,meh,meh,9
abc123,"def 456",ghi789,5
"jkl,012",mno345,pqr678,6
blah,blah,blah,7
blas,blas,blas,10
meh,meh,meh,9
abc123,"def 456",ghi789,5
"jkl,012",mno345,pqr678,6
blah,blah,blah,7
blas,blas,blas,10
meh,meh,meh,9
abc123,"def 456",ghi789,5
"jkl,012",mno345,pqr678,6
blah,blah,blah,7
blas,blas,blas,10
meh,meh,meh,9
abc123,"def 456",ghi789,5
"jkl,012",mno345,pqr678,6
blah,blah,blah,7
blas,blas,blas,10
meh,meh,meh,9
abc123,"def 456",ghi789,5
"jkl,012",mno345,pqr678,6
blah,blah,blah,7
blas,blas,blas,10
meh,meh,meh,9
abc123,"def 456",ghi789,5
"jkl,012",mno345,pqr678,6
blah,blah,blah,7
blas,blas,blas,10
meh,meh,meh,9
abc123,"def 456",ghi789,5
"jkl,012",mno345,pqr678,6
blah,blah,blah,7
blas,blas,blas,10
meh,meh,meh,9
abc123,"def 456",ghi789,5
"jkl,012",mno345,pqr678,6
blah,blah,blah,7
blas,blas,blas,10
meh,meh,meh,9
abc123,"def 456",ghi789,5
"jkl,012",mno345,pqr678,6
blah,blah,blah,7
blas,blas,blas,10
meh,meh,meh,9
abc123,"def 456",ghi789,5
"jkl,012",mno345,pqr678,6
blah,blah,blah,7
blas,blas,blas,10
meh,meh,meh,9
abc123,"def 456",ghi789,5
"jkl,012",mno345,pqr678,6
blah,blah,blah,7
blas,blas,blas,10
meh,meh,meh,9
abc123,"def 456",ghi789,5
"jkl,012",mno345,pqr678,6
blah,blah,blah,7
blas,blas,blas,10
meh,meh,meh,9
abc123,"def 456",ghi789,5
"jkl,012",mno345,pqr678,6
blah,blah,blah,7
blas,blas,blas,10
meh,meh,meh,9
abc123,"def 456",ghi789,5
"jkl,012",mno345,pqr678,6
blah,blah,blah,7
blas,blas,blas,10
meh,meh,meh,9
abc123,"def 456",ghi789,5
"jkl,012",mno345,pqr678,6
blah,blah,blah,7
blas,blas,blas,10
meh,meh,meh,9
abc123,"def 456",ghi789,5
"jkl,012",mno345,pqr678,6
blah,blah,blah,7
blas,blas,blas,10
meh,meh,meh,9
abc123,"def 456",ghi789,5
"jkl,012",mno345,pqr678,6
blah,blah,blah,7
blas,blas,blas,10
meh,meh,meh,9
abc123,"def 456",ghi789,5
"jkl,012",mno345,pqr678,6
blah,blah,blah,7
blas,blas,blas,10
meh,meh,meh,9
abc123,"def 456",ghi789,5
"jkl,012",mno345,pqr678,6
blah,blah,blah,7
blas,blas,blas,10
meh,meh,meh,9
abc123,"def 456",ghi789,5
"jkl,012",mno345,pqr678,6
blah,blah,blah,7
blas,blas,blas,10
meh,meh,meh,9
abc123,"def 456",ghi789,5
"jkl,012",mno345,pqr678,6
blah,blah,blah,7
blas,blas,blas,10
meh,meh,meh,9
abc123,"def 456",ghi789,5
"jkl,012",mno345,pqr678,6
blah,blah,blah,7
blas,blas,blas,10
meh,meh,meh,9
abc123,"def 456",ghi789,5
"jkl,012",mno345,pqr678,6
blah,blah,blah,7
blas,blas,blas,10
meh,meh,meh,9
abc123,"def 456",ghi789,5
"jkl,012",mno345,pqr678,6
blah,blah,blah,7
blas,blas,blas,10
meh,meh,meh,9
abc123,"def 456",ghi789,5
"jkl,012",mno345,pqr678,6
blah,blah,blah,7
blas,blas,blas,10
meh,meh,meh,9
abc123,"def 456",ghi789,5
"jkl,012",mno345,pqr678,6
blah,blah,blah,7
blas,blas,blas,10
meh,meh,meh,9
abc123,"def 456",ghi789,5
"jkl,012",mno345,pqr678,6
blah,blah,blah,7
blas,blas,blas,10
meh,meh,meh,9
abc123,"def 456",ghi789,5
"jkl,012",mno345,pqr678,6
blah,blah,blah,7
blas,blas,blas,10
meh,meh,meh,9
abc123,"def 456",ghi789,5
"jkl,012",mno345,pqr678,6
blah,blah,blah,7
blas,blas,blas,10
meh,meh,meh,9
abc123,"def 456",ghi789,5
"jkl,012",mno345,pqr678,6
blah,blah,blah,7
blas,blas,blas,10
meh,meh,meh,9
abc123,"def 456",ghi789,5
"jkl,012",mno345,pqr678,6
blah,blah,blah,7
blas,blas,blas,10
meh,meh,meh,9
abc123,"def 456",ghi789,5
"jkl,012",mno345,pqr678,6
blah,blah,blah,7
blas,blas,blas,10
meh,meh,meh,9
abc123,"def 456",ghi789,5
"jkl,012",mno345,pqr678,6
blah,blah,blah,7
blas,blas,blas,10
meh,meh,meh,9
abc123,"def 456",ghi789,5
"jkl,012",mno345,pqr678,6
blah,blah,blah,7
blas,blas,blas,10
meh,meh,meh,9
abc123,"def 456",ghi789,5
"jkl,012",mno345,pqr678,6
blah,blah,blah,7
blas,blas,blas,10
meh,meh,meh,9
abc123,"def 456",ghi789,5
"jkl,012",mno345,pqr678,6
blah,blah,blah,7
blas,blas,blas,10
meh,meh,meh,9
abc123,"def 456",ghi789,5
"jkl,012",mno345,pqr678,6
blah,blah,blah,7
blas,blas,blas,10
meh,meh,meh,9
abc123,"def 456",ghi789,5
"jkl,012",mno345,pqr678,6
blah,blah,blah,7
blas,blas,blas,10
meh,meh,meh,9
abc123,"def 456",ghi789,5
"jkl,012",mno345,pqr678,6
blah,blah,blah,7
blas,blas,blas,10
meh,meh,meh,9
abc123,"def 456",ghi789,5
"jkl,012",mno345,pqr678,6
blah,blah,blah,7
blas,blas,blas,10
meh,meh,meh,9
abc123,"def 456",ghi789,5
"jkl,012",mno345,pqr678,6
blah,blah,blah,7
blas,blas,blas,10
meh,meh,meh,9
abc123,"def 456",ghi789,5
"jkl,012",mno345,pqr678,6
blah,blah,blah,7
blas,blas,blas,10
meh,meh,meh,9
abc123,"def 456",ghi789,5
"jkl,012",mno345,pqr678,6
blah,blah,blah,7
blas,blas,blas,10
meh,meh,meh,9
abc123,"def 456",ghi789,5
"jkl,012",mno345,pqr678,6
blah,blah,blah,7
blas,blas,blas,10
meh,meh,meh,9
abc123,"def 456",ghi789,5
"jkl,012",mno345,pqr678,6
blah,blah,blah,7
blas,blas,blas,10
meh,meh,meh,9
abc123,"def 456",ghi789,5
"jkl,012",mno345,pqr678,6
blah,blah,blah,7
blas,blas,blas,10
meh,meh,meh,9
abc123,"def 456",ghi789,5
"jkl,012",mno345,pqr678,6
blah,blah,blah,7
blas,blas,blas,10
meh,meh,meh,9
abc123,"def 456",ghi789,5
"jkl,012",mno345,pqr678,6
blah,blah,blah,7
blas,blas,blas,10
meh,meh,meh,9
abc123,"def 456",ghi789,5
"jkl,012",mno345,pqr678,6
blah,blah,blah,7
blas,blas,blas,10
meh,meh,meh,9
abc123,"def 456",ghi789,5
"jkl,012",mno345,pqr678,6
blah,blah,blah,7
blas,blas,blas,10
meh,meh,meh,9
abc123,"def 456",ghi789,5
"jkl,012",mno345,pqr678,6
blah,blah,blah,7
blas,blas,blas,10
meh,meh,meh,9
abc123,"def 456",ghi789,5
"jkl,012",mno345,pqr678,6
blah,blah,blah,7
blas,blas,blas,10
meh,meh,meh,9
abc123,"def 456",ghi789,5
"jkl,012",mno345,pqr678,6
blah,blah,blah,7
blas,blas,blas,10
meh,meh,meh,9
abc123,"def 456",ghi789,5
"jkl,012",mno345,pqr678,6
blah,blah,blah,7
blas,blas,blas,10
meh,meh,meh,9
abc123,"def 456",ghi789,5
"jkl,012",mno345,pqr678,6
blah,blah,blah,7
blas,blas,blas,10
meh,meh,meh,9
abc123,"def 456",ghi789,5
"jkl,012",mno345,pqr678,6
blah,blah,blah,7
blas,blas,blas,10
meh,meh,meh,9
abc123,"def 456",ghi789,5
"jkl,012",mno345,pqr678,6
blah,blah,blah,7
blas,blas,blas,10
meh,meh,meh,9
abc123,"def 456",ghi789,5
"jkl,012",mno345,pqr678,6
blah,blah,blah,7
blas,blas,blas,10
meh,meh,meh,9
abc123,"def 456",ghi789,5
"jkl,012",mno345,pqr678,6
blah,blah,blah,7
blas,blas,blas,10
meh,meh,meh,9
abc123,"def 456",ghi789,5
"jkl,012",mno345,pqr678,6
blah,blah,blah,7
blas,blas,blas,10
meh,meh,meh,9
abc123,"def 456",ghi789,5
"jkl,012",mno345,pqr678,6
blah,blah,blah,7
blas,blas,blas,10
meh,meh,meh,9
abc123,"def 456",ghi789,5
"jkl,012",mno345,pqr678,6
blah,blah,blah,7
blas,blas,blas,10
meh,meh,meh,9
abc123,"def 456",ghi789,5
"jkl,012",mno345,pqr678,6
blah,blah,blah,7
blas,blas,blas,10
meh,meh,meh,9
abc123,"def 456",ghi789,5
"jkl,012",mno345,pqr678,6
blah,blah,blah,7
blas,blas,blas,10
meh,meh,meh,9
abc123,"def 456",ghi789,5
"jkl,012",mno345,pqr678,6
blah,blah,blah,7
blas,blas,blas,10
meh,meh,meh,9
abc123,"def 456",ghi789,5
"jkl,012",mno345,pqr678,6
blah,blah,blah,7
blas,blas,blas,10
meh,meh,meh,9
abc123,"def 456",ghi789,5
"jkl,012",mno345,pqr678,6
blah,blah,blah,7
blas,blas,blas,10
meh,meh,meh,9
abc123,"def 456",ghi789,5
"jkl,012",mno345,pqr678,6
blah,blah,blah,7
blas,blas,blas,10
meh,meh,meh,9
abc123,"def 456",ghi789,5
"jkl,012",mno345,pqr678,6
blah,blah,blah,7
blas,blas,blas,10
meh,meh,meh,9
abc123,"def 456",ghi789,5
"jkl,012",mno345,pqr678,6
blah,blah,blah,7
blas,blas,blas,10
meh,meh,meh,9
abc123,"def 456",ghi789,5
"jkl,012",mno345,pqr678,6
blah,blah,blah,7
blas,blas,blas,10
meh,meh,meh,9
abc123,"def 456",ghi789,5
"jkl,012",mno345,pqr678,6
blah,blah,blah,7
blas,blas,blas,10
meh,meh,meh,9
abc123,"def 456",ghi789,5
"jkl,012",mno345,pqr678,6
blah,blah,blah,7
blas,blas,blas,10
meh,meh,meh,9
abc123,"def 456",ghi789,5
"jkl,012",mno345,pqr678,6
blah,blah,blah,7
blas,blas,blas,10
meh,meh,meh,9
abc123,"def 456",ghi789,5
"jkl,012",mno345,pqr678,6
blah,blah,blah,7
blas,blas,blas,10
meh,meh,meh,9
abc123,"def 456",ghi789,5
"jkl,012",mno345,pqr678,6
blah,blah,blah,7
blas,blas,blas,10
meh,meh,meh,9
abc123,"def 456",ghi789,5
"jkl,012",mno345,pqr678,6
blah,blah,blah,7
blas,blas,blas,10
meh,meh,meh,9
abc123,"def 456",ghi789,5
"jkl,012",mno345,pqr678,6
blah,blah,blah,7
blas,blas,blas,10
meh,meh,meh,9
abc123,"def 456",ghi789,5
"jkl,012",mno345,pqr678,6
blah,blah,blah,7
blas,blas,blas,10
meh,meh,meh,9
abc123,"def 456",ghi789,5
"jkl,012",mno345,pqr678,6
blah,blah,blah,7
blas,blas,blas,10
meh,meh,meh,9
abc123,"def 456",ghi789,5
"jkl,012",mno345,pqr678,6
blah,blah,blah,7
blas,blas,blas,10
meh,meh,meh,9
abc123,"def 456",ghi789,5
"jkl,012",mno345,pqr678,6
blah,blah,blah,7
blas,blas,blas,10
meh,meh,meh,9
abc123,"def 456",ghi789,5
"jkl,012",mno345,pqr678,6
blah,blah,blah,7
blas,blas,blas,10
meh,meh,meh,9
abc123,"def 456",ghi789,5
"jkl,012",mno345,pqr678,6
blah,blah,blah,7
blas,blas,blas,10
meh,meh,meh,9
abc123,"def 456",ghi789,5
"jkl,012",mno345,pqr678,6
blah,blah,blah,7
blas,blas,blas,10
meh,meh,meh,9
abc123,"def 456",ghi789,5
"jkl,012",mno345,pqr678,6
blah,blah,blah,7
blas,blas,blas,10
meh,meh,meh,9
abc123,"def 456",ghi789,5
"jkl,012",mno345,pqr678,6
blah,blah,blah,7
blas,blas,blas,10
meh,meh,meh,9
abc123,"def 456",ghi789,5
"jkl,012",mno345,pqr678,6
blah,blah,blah,7
blas,blas,blas,10
meh,meh,meh,9
abc123,"def 456",ghi789,5
"jkl,012",mno345,pqr678,6
blah,blah,blah,7
blas,blas,blas,10
meh,meh,meh,9
abc123,"def 456",ghi789,5
"jkl,012",mno345,pqr678,6
blah,blah,blah,7
blas,blas,blas,10
meh,meh,meh,9
abc123,"def 456",ghi789,5
"jkl,012",mno345,pqr678,6
blah,blah,blah,7
blas,blas,blas,10
meh,meh,meh,9
abc123,"def 456",ghi789,5
"jkl,012",mno345,pqr678,6
blah,blah,blah,7
blas,blas,blas,10
meh,meh,meh,9
abc123,"def 456",ghi789,5
"jkl,012",mno345,pqr678,6
blah,blah,blah,7
blas,blas,blas,10
meh,meh,meh,9
abc123,"def 456",ghi789,5
"jkl,012",mno345,pqr678,6
blah,blah,blah,7
blas,blas,blas,10
meh,meh,meh,9
abc123,"def 456",ghi789,5
"jkl,012",mno345,pqr678,6
blah,blah,blah,7
blas,blas,blas,10
meh,meh,meh,9
abc123,"def 456",ghi789,5
"jkl,012",mno345,pqr678,6
blah,blah,blah,7
blas,blas,blas,10
meh,meh,meh,9
abc123,"def 456",ghi789,5
"jkl,012",mno345,pqr678,6
blah,blah,blah,7
blas,blas,blas,10
meh,meh,meh,9
abc123,"def 456",ghi789,5
"jkl,012",mno345,pqr678,6
blah,blah,blah,7
blas,blas,blas,10
meh,meh,meh,9
abc123,"def 456",ghi789,5
"jkl,012",mno345,pqr678,6
blah,blah,blah,7
blas,blas,blas,10
meh,meh,meh,9
abc123,"def 456",ghi789,5
"jkl,012",mno345,pqr678,6
blah,blah,blah,7
blas,blas,blas,10
meh,meh,meh,9
abc123,"def 456",ghi789,5
"jkl,012",mno345,pqr678,6
blah,blah,blah,7
blas,blas,blas,10
meh,meh,meh,9
abc123,"def 456",ghi789,5
"jkl,012",mno345,pqr678,6
blah,blah,blah,7
blas,blas,blas,10
meh,meh,meh,9
abc123,"def 456",ghi789,5
"jkl,012",mno345,pqr678,6
blah,blah,blah,7
blas,blas,blas,10
meh,meh,meh,9
abc123,"def 456",ghi789,5
"jkl,012",mno345,pqr678,6
blah,blah,blah,7
blas,blas,blas,10
meh,meh,meh,9
abc123,"def 456",ghi789,5
"jkl,012",mno345,pqr678,6
blah,blah,blah,7
blas,blas,blas,10
meh,meh,meh,9
abc123,"def 456",ghi789,5
"jkl,012",mno345,pqr678,6
blah,blah,blah,7
blas,blas,blas,10
meh,meh,meh,9
abc123,"def 456",ghi789,5
"jkl,012",mno345,pqr678,6
blah,blah,blah,7
blas,blas,blas,10
meh,meh,meh,9
abc123,"def 456",ghi789,5
"jkl,012",mno345,pqr678,6
blah,blah,blah,7
blas,blas,blas,10
meh,meh,meh,9
abc123,"def 456",ghi789,5
"jkl,012",mno345,pqr678,6
blah,blah,blah,7
blas,blas,blas,10
meh,meh,meh,9
abc123,"def 456",ghi789,5
"jkl,012",mno345,pqr678,6
blah,blah,blah,7
blas,blas,blas,10
meh,meh,meh,9
abc123,"def 456",ghi789,5
"jkl,012",mno345,pqr678,6
blah,blah,blah,7
blas,blas,blas,10
meh,meh,meh,9
abc123,"def 456",ghi789,5
"jkl,012",mno345,pqr678,6
blah,blah,blah,7
blas,blas,blas,10
meh,meh,meh,9
abc123,"def 456",ghi789,5
"jkl,012",mno345,pqr678,6
blah,blah,blah,7
blas,blas,blas,10
meh,meh,meh,9
abc123,"def 456",ghi789,5
"jkl,012",mno345,pqr678,6
blah,blah,blah,7
blas,blas,blas,10
meh,meh,meh,9
abc123,"def 456",ghi789,5
"jkl,012",mno345,pqr678,6
blah,blah,blah,7
blas,blas,blas,10
meh,meh,meh,9
abc123,"def 456",ghi789,5
"jkl,012",mno345,pqr678,6
blah,blah,blah,7
blas,blas,blas,10
meh,meh,meh,9
abc123,"def 456",ghi789,5
"jkl,012",mno345,pqr678,6
blah,blah,blah,7
blas,blas,blas,10
meh,meh,meh,9
abc123,"def 456",ghi789,5
"jkl,012",mno345,pqr678,6
blah,blah,blah,7
blas,blas,blas,10
meh,meh,meh,9
abc123,"def 456",ghi789,5
"jkl,012",mno345,pqr678,6
blah,blah,blah,7
blas,blas,blas,10
meh,meh,meh,9
abc123,"def 456",ghi789,5
"jkl,012",mno345,pqr678,6
blah,blah,blah,7
blas,blas,blas,10
meh,meh,meh,9
abc123,"def 456",ghi789,5
"jkl,012",mno345,pqr678,6
blah,blah,blah,7
blas,blas,blas,10
meh,meh,meh,9
abc123,"def 456",ghi789,5
"jkl,012",mno345,pqr678,6
blah,blah,blah,7
blas,blas,blas,10
meh,meh,meh,9
abc123,"def 456",ghi789,5
"jkl,012",mno345,pqr678,6
blah,blah,blah,7
blas,blas,blas,10
meh,meh,meh,9
abc123,"def 456",ghi789,5
"jkl,012",mno345,pqr678,6
blah,blah,blah,7
blas,blas,blas,10
meh,meh,meh,9
abc123,"def 456",ghi789,5
"jkl,012",mno345,pqr678,6
blah,blah,blah,7
blas,blas,blas,10
meh,meh,meh,9
abc123,"def 456",ghi789,5
"jkl,012",mno345,pqr678,6
blah,blah,blah,7
blas,blas,blas,10
meh,meh,meh,9
abc123,"def 456",ghi789,5
"jkl,012",mno345,pqr678,6
blah,blah,blah,7
blas,blas,blas,10
meh,meh,meh,9
abc123,"def 456",ghi789,5
"jkl,012",mno345,pqr678,6
blah,blah,blah,7
blas,blas,blas,10
meh,meh,meh,9
abc123,"def 456",ghi789,5
"jkl,012",mno345,pqr678,6
blah,blah,blah,7
blas,blas,blas,10
meh,meh,meh,9
abc123,"def 456",ghi789,5
"jkl,012",mno345,pqr678,6
blah,blah,blah,7
blas,blas,blas,10
meh,meh,meh,9
abc123,"def 456",ghi789,5
"jkl,012",mno345,pqr678,6
blah,blah,blah,7
blas,blas,blas,10
meh,meh,meh,9
abc123,"def 456",ghi789,5
"jkl,012",mno345,pqr678,6
blah,blah,blah,7
blas,blas,blas,10
meh,meh,meh,9
abc123,"def 456",ghi789,5
"jkl,012",mno345,pqr678,6
blah,blah,blah,7
blas,blas,blas,10
meh,meh,meh,9
abc123,"def 456",ghi789,5
"jkl,012",mno345,pqr678,6
blah,blah,blah,7
blas,blas,blas,10
meh,meh,meh,9
abc123,"def 456",ghi789,5
"jkl,012",mno345,pqr678,6
blah,blah,blah,7
blas,blas,blas,10
meh,meh,meh,9
abc123,"def 456",ghi789,5
"jkl,012",mno345,pqr678,6
blah,blah,blah,7
blas,blas,blas,10
meh,meh,meh,9
abc123,"def 456",ghi789,5
"jkl,012",mno345,pqr678,6
blah,blah,blah,7
blas,blas,blas,10
meh,meh,meh,9
abc123,"def 456",ghi789,5
"jkl,012",mno345,pqr678,6
blah,blah,blah,7
blas,blas,blas,10
meh,meh,meh,9
abc123,"def 456",ghi789,5
"jkl,012",mno345,pqr678,6
blah,blah,blah,7
blas,blas,blas,10
meh,meh,meh,9
abc123,"def 456",ghi789,5
"jkl,012",mno345,pqr678,6
blah,blah,blah,7
blas,blas,blas,10
meh,meh,meh,9
abc123,"def 456",ghi789,5
"jkl,012",mno345,pqr678,6
blah,blah,blah,7
blas,blas,blas,10
meh,meh,meh,9
abc123,"def 456",ghi789,5
"jkl,012",mno345,pqr678,6
blah,blah,blah,7
blas,blas,blas,10
meh,meh,meh,9
abc123,"def 456",ghi789,5
"jkl,012",mno345,pqr678,6
blah,blah,blah,7
blas,blas,blas,10
meh,meh,meh,9
abc123,"def 456",ghi789,5
"jkl,012",mno345,pqr678,6
blah,blah,blah,7
blas,blas,blas,10
meh,meh,meh,9
abc123,"def 456",ghi789,5
"jkl,012",mno345,pqr678,6
blah,blah,blah,7
blas,blas,blas,10
meh,meh,meh,9
abc123,"def 456",ghi789,5
"jkl,012",mno345,pqr678,6
blah,blah,blah,7
blas,blas,blas,10
meh,meh,meh,9
abc123,"def 456",ghi789,5
"jkl,012",mno345,pqr678,6
blah,blah,blah,7
blas,blas,blas,10
meh,meh,meh,9
abc123,"def 456",ghi789,5
"jkl,012",mno345,pqr678,6
blah,blah,blah,7
blas,blas,blas,10
meh,meh,meh,9
abc123,"def 456",ghi789,5
"jkl,012",mno345,pqr678,6
blah,blah,blah,7
blas,blas,blas,10
meh,meh,meh,9
abc123,"def 456",ghi789,5
"jkl,012",mno345,pqr678,6
blah,blah,blah,7
blas,blas,blas,10
meh,meh,meh,9
abc123,"def 456",ghi789,5
"jkl,012",mno345,pqr678,6
blah,blah,blah,7
blas,blas,blas,10
meh,meh,meh,9
abc123,"def 456",ghi789,5
"jkl,012",mno345,pqr678,6
blah,blah,blah,7
blas,blas,blas,10
meh,meh,meh,9
abc123,"def 456",ghi789,5
"jkl,012",mno345,pqr678,6
blah,blah,blah,7
blas,blas,blas,10
meh,meh,meh,9
abc123,"def 456",ghi789,5
"jkl,012",mno345,pqr678,6
blah,blah,blah,7
blas,blas,blas,10
meh,meh,meh,9
abc123,"def 456",ghi789,5
"jkl,012",mno345,pqr678,6
blah,blah,blah,7
blas,blas,blas,10
meh,meh,meh,9
abc123,"def 456",ghi789,5
"jkl,012",mno345,pqr678,6
blah,blah,blah,7
blas,blas,blas,10
meh,meh,meh,9
abc123,"def 456",ghi789,5
"jkl,012",mno345,pqr678,6
blah,blah,blah,7
blas,blas,blas,10
meh,meh,meh,9
abc123,"def 456",ghi789,5
"jkl,012",mno345,pqr678,6
blah,blah,blah,7
blas,blas,blas,10
meh,meh,meh,9
abc123,"def 456",ghi789,5
"jkl,012",mno345,pqr678,6
blah,blah,blah,7
blas,blas,blas,10
meh,meh,meh,9
abc123,"def 456",ghi789,5
"jkl,012",mno345,pqr678,6
blah,blah,blah,7
blas,blas,blas,10
meh,meh,meh,9
abc123,"def 456",ghi789,5
"jkl,012",mno345,pqr678,6
blah,blah,blah,7
blas,blas,blas,10
meh,meh,meh,9
abc123,"def 456",ghi789,5
"jkl,012",mno345,pqr678,6
blah,blah,blah,7
blas,blas,blas,10
meh,meh,meh,9
abc123,"def 456",ghi789,5
"jkl,012",mno345,pqr678,6
blah,blah,blah,7
blas,blas,blas,10
meh,meh,meh,9
abc123,"def 456",ghi789,5
"jkl,012",mno345,pqr678,6
blah,blah,blah,7
blas,blas,blas,10
meh,meh,meh,9
abc123,"def 456",ghi789,5
"jkl,012",mno345,pqr678,6
blah,blah,blah,7
blas,blas,blas,10
meh,meh,meh,9
abc123,"def 456",ghi789,5
"jkl,012",mno345,pqr678,6
blah,blah,blah,7
blas,blas,blas,10
meh,meh,meh,9
abc123,"def 456",ghi789,5
"jkl,012",mno345,pqr678,6
blah,blah,blah,7
blas,blas,blas,10
meh,meh,meh,9
abc123,"def 456",ghi789,5
"jkl,012",mno345,pqr678,6
blah,blah,blah,7
blas,blas,blas,10
meh,meh,meh,9
abc123,"def 456",ghi789,5
"jkl,012",mno345,pqr678,6
blah,blah,blah,7
blas,blas,blas,10
meh,meh,meh,9
abc123,"def 456",ghi789,5
"jkl,012",mno345,pqr678,6
blah,blah,blah,7
blas,blas,blas,10
meh,meh,meh,9
abc123,"def 456",ghi789,5
"jkl,012",mno345,pqr678,6
blah,blah,blah,7
blas,blas,blas,10
meh,meh,meh,9
abc123,"def 456",ghi789,5
"jkl,012",mno345,pqr678,6
blah,blah,blah,7
blas,blas,blas,10
meh,meh,meh,9
abc123,"def 456",ghi789,5
"jkl,012",mno345,pqr678,6
blah,blah,blah,7
blas,blas,blas,10
meh,meh,meh,9
abc123,"def 456",ghi789,5
"jkl,012",mno345,pqr678,6
blah,blah,blah,7
blas,blas,blas,10
meh,meh,meh,9
abc123,"def 456",ghi789,5
"jkl,012",mno345,pqr678,6
blah,blah,blah,7
blas,blas,blas,10
meh,meh,meh,9
abc123,"def 456",ghi789,5
"jkl,012",mno345,pqr678,6
blah,blah,blah,7
blas,blas,blas,10
meh,meh,meh,9
abc123,"def 456",ghi789,5
"jkl,012",mno345,pqr678,6
blah,blah,blah,7
blas,blas,blas,10
meh,meh,meh,9
abc123,"def 456",ghi789,5
"jkl,012",mno345,pqr678,6
blah,blah,blah,7
blas,blas,blas,10
meh,meh,meh,9
abc123,"def 456",ghi789,5
"jkl,012",mno345,pqr678,6
blah,blah,blah,7
blas,blas,blas,10
meh,meh,meh,9
abc123,"def 456",ghi789,5
"jkl,012",mno345,pqr678,6
blah,blah,blah,7
blas,blas,blas,10
meh,meh,meh,9
abc123,"def 456",ghi789,5
"jkl,012",mno345,pqr678,6
blah,blah,blah,7
blas,blas,blas,10
meh,meh,meh,9
abc123,"def 456",ghi789,5
"jkl,012",mno345,pqr678,6
blah,blah,blah,7
blas,blas,blas,10
meh,meh,meh,9
abc123,"def 456",ghi789,5
"jkl,012",mno345,pqr678,6
blah,blah,blah,7
blas,blas,blas,10
meh,meh,meh,9
abc123,"def 456",ghi789,5
"jkl,012",mno345,pqr678,6
blah,blah,blah,7
blas,blas,blas,10
meh,meh,meh,9
abc123,"def 456",ghi789,5
"jkl,012",mno345,pqr678,6
blah,blah,blah,7
blas,blas,blas,10
meh,meh,meh,9
abc123,"def 456",ghi789,5
"jkl,012",mno345,pqr678,6
blah,blah,blah,7
blas,blas,blas,10
meh,meh,meh,9
abc123,"def 456",ghi789,5
"jkl,012",mno345,pqr678,6
blah,blah,blah,7
blas,blas,blas,10
meh,meh,meh,9
abc123,"def 456",ghi789,5
"jkl,012",mno345,pqr678,6
blah,blah,blah,7
blas,blas,blas,10
meh,meh,meh,9
abc123,"def 456",ghi789,5
"jkl,012",mno345,pqr678,6
blah,blah,blah,7
blas,blas,blas,10
meh,meh,meh,9
abc123,"def 456",ghi789,5
"jkl,012",mno345,pqr678,6
blah,blah,blah,7
blas,blas,blas,10
meh,meh,meh,9
abc123,"def 456",ghi789,5
"jkl,012",mno345,pqr678,6
blah,blah,blah,7
blas,blas,blas,10
meh,meh,meh,9
abc123,"def 456",ghi789,5
"jkl,012",mno345,pqr678,6
blah,blah,blah,7
blas,blas,blas,10
meh,meh,meh,9
abc123,"def 456",ghi789,5
"jkl,012",mno345,pqr678,6
blah,blah,blah,7
blas,blas,blas,10
meh,meh,meh,9
abc123,"def 456",ghi789,5
"jkl,012",mno345,pqr678,6
blah,blah,blah,7
blas,blas,blas,10
meh,meh,meh,9
abc123,"def 456",ghi789,5
"jkl,012",mno345,pqr678,6
blah,blah,blah,7
blas,blas,blas,10
meh,meh,meh,9
abc123,"def 456",ghi789,5
"jkl,012",mno345,pqr678,6
blah,blah,blah,7
blas,blas,blas,10
meh,meh,meh,9
abc123,"def 456",ghi789,5
"jkl,012",mno345,pqr678,6
blah,blah,blah,7
blas,blas,blas,10
meh,meh,meh,9
abc123,"def 456",ghi789,5
"jkl,012",mno345,pqr678,6
blah,blah,blah,7
blas,blas,blas,10
meh,meh,meh,9
abc123,"def 456",ghi789,5
"jkl,012",mno345,pqr678,6
blah,blah,blah,7
blas,blas,blas,10
meh,meh,meh,9
abc123,"def 456",ghi789,5
"jkl,012",mno345,pqr678,6
blah,blah,blah,7
blas,blas,blas,10
meh,meh,meh,9
abc123,"def 456",ghi789,5
"jkl,012",mno345,pqr678,6
blah,blah,blah,7
blas,blas,blas,10
meh,meh,meh,9
abc123,"def 456",ghi789,5
"jkl,012",mno345,pqr678,6
blah,blah,blah,7
blas,blas,blas,10
meh,meh,meh,9
abc123,"def 456",ghi789,5
"jkl,012",mno345,pqr678,6
blah,blah,blah,7
blas,blas,blas,10
meh,meh,meh,9
abc123,"def 456",ghi789,5
"jkl,012",mno345,pqr678,6
blah,blah,blah,7
blas,blas,blas,10
meh,meh,meh,9
abc123,"def 456",ghi789,5
"jkl,012",mno345,pqr678,6
blah,blah,blah,7
blas,blas,blas,10
meh,meh,meh,9
abc123,"def 456",ghi789,5
"jkl,012",mno345,pqr678,6
blah,blah,blah,7
blas,blas,blas,10
meh,meh,meh,9
abc123,"def 456",ghi789,5
"jkl,012",mno345,pqr678,6
blah,blah,blah,7
blas,blas,blas,10
meh,meh,meh,9
abc123,"def 456",ghi789,5
"jkl,012",mno345,pqr678,6
blah,blah,blah,7
blas,blas,blas,10
meh,meh,meh,9
abc123,"def 456",ghi789,5
"jkl,012",mno345,pqr678,6
blah,blah,blah,7
blas,blas,blas,10
meh,meh,meh,9
abc123,"def 456",ghi789,5
"jkl,012",mno345,pqr678,6
blah,blah,blah,7
blas,blas,blas,10
meh,meh,meh,9
abc123,"def 456",ghi789,5
"jkl,012",mno345,pqr678,6
blah,blah,blah,7
blas,blas,blas,10
meh,meh,meh,9
abc123,"def 456",ghi789,5
"jkl,012",mno345,pqr678,6
blah,blah,blah,7
blas,blas,blas,10
meh,meh,meh,9
abc123,"def 456",ghi789,5
"jkl,012",mno345,pqr678,6
blah,blah,blah,7
blas,blas,blas,10
meh,meh,meh,9
abc123,"def 456",ghi789,5
"jkl,012",mno345,pqr678,6
blah,blah,blah,7
blas,blas,blas,10
meh,meh,meh,9
abc123,"def 456",ghi789,5
"jkl,012",mno345,pqr678,6
blah,blah,blah,7
blas,blas,blas,10
meh,meh,meh,9
abc123,"def 456",ghi789,5
"jkl,012",mno345,pqr678,6
blah,blah,blah,7
blas,blas,blas,10
meh,meh,meh,9
abc123,"def 456",ghi789,5
"jkl,012",mno345,pqr678,6
blah,blah,blah,7
blas,blas,blas,10
meh,meh,meh,9
abc123,"def 456",ghi789,5
"jkl,012",mno345,pqr678,6
blah,blah,blah,7
blas,blas,blas,10
meh,meh,meh,9
abc123,"def 456",ghi789,5
"jkl,012",mno345,pqr678,6
blah,blah,blah,7
blas,blas,blas,10
meh,meh,meh,9
abc123,"def 456",ghi789,5
"jkl,012",mno345,pqr678,6
blah,blah,blah,7
blas,blas,blas,10
meh,meh,meh,9
abc123,"def 456",ghi789,5
"jkl,012",mno345,pqr678,6
blah,blah,blah,7
blas,blas,blas,10
meh,meh,meh,9
abc123,"def 456",ghi789,5
"jkl,012",mno345,pqr678,6
blah,blah,blah,7
blas,blas,blas,10
meh,meh,meh,9
abc123,"def 456",ghi789,5
"jkl,012",mno345,pqr678,6
blah,blah,blah,7
blas,blas,blas,10
meh,meh,meh,9
abc123,"def 456",ghi789,5
"jkl,012",mno345,pqr678,6
blah,blah,blah,7
blas,blas,blas,10
meh,meh,meh,9
abc123,"def 456",ghi789,5
"jkl,012",mno345,pqr678,6
blah,blah,blah,7
blas,blas,blas,10
meh,meh,meh,9
abc123,"def 456",ghi789,5
"jkl,012",mno345,pqr678,6
blah,blah,blah,7
blas,blas,blas,10
meh,meh,meh,9
abc123,"def 456",ghi789,5
"jkl,012",mno345,pqr678,6
blah,blah,blah,7
blas,blas,blas,10
meh,meh,meh,9
abc123,"def 456",ghi789,5
"jkl,012",mno345,pqr678,6
blah,blah,blah,7
blas,blas,blas,10
meh,meh,meh,9
abc123,"def 456",ghi789,5
"jkl,012",mno345,pqr678,6
blah,blah,blah,7
blas,blas,blas,10
meh,meh,meh,9
abc123,"def 456",ghi789,5
"jkl,012",mno345,pqr678,6
blah,blah,blah,7
blas,blas,blas,10
meh,meh,meh,9
abc123,"def 456",ghi789,5
"jkl,012",mno345,pqr678,6
blah,blah,blah,7
blas,blas,blas,10
meh,meh,meh,9
abc123,"def 456",ghi789,5
"jkl,012",mno345,pqr678,6
blah,blah,blah,7
blas,blas,blas,10
meh,meh,meh,9
abc123,"def 456",ghi789,5
"jkl,012",mno345,pqr678,6
blah,blah,blah,7
blas,blas,blas,10
meh,meh,meh,9
abc123,"def 456",ghi789,5
"jkl,012",mno345,pqr678,6
blah,blah,blah,7
blas,blas,blas,10
meh,meh,meh,9
abc123,"def 456",ghi789,5
"jkl,012",mno345,pqr678,6
blah,blah,blah,7
blas,blas,blas,10
meh,meh,meh,9
abc123,"def 456",ghi789,5
"jkl,012",mno345,pqr678,6
blah,blah,blah,7
blas,blas,blas,10
meh,meh,meh,9
abc123,"def 456",ghi789,5
"jkl,012",mno345,pqr678,6
blah,blah,blah,7
blas,blas,blas,10
meh,meh,meh,9
abc123,"def 456",ghi789,5
"jkl,012",mno345,pqr678,6
blah,blah,blah,7
blas,blas,blas,10
meh,meh,meh,9
abc123,"def 456",ghi789,5
"jkl,012",mno345,pqr678,6
blah,blah,blah,7
blas,blas,blas,10
meh,meh,meh,9
abc123,"def 456",ghi789,5
"jkl,012",mno345,pqr678,6
blah,blah,blah,7
blas,blas,blas,10
meh,meh,meh,9
abc123,"def 456",ghi789,5
"jkl,012",mno345,pqr678,6
blah,blah,blah,7
blas,blas,blas,10
meh,meh,meh,9
abc123,"def 456",ghi789,5
"jkl,012",mno345,pqr678,6
blah,blah,blah,7
blas,blas,blas,10
meh,meh,meh,9
abc123,"def 456",ghi789,5
"jkl,012",mno345,pqr678,6
blah,blah,blah,7
blas,blas,blas,10
meh,meh,meh,9
abc123,"def 456",ghi789,5
"jkl,012",mno345,pqr678,6
blah,blah,blah,7
blas,blas,blas,10
meh,meh,meh,9
abc123,"def 456",ghi789,5
"jkl,012",mno345,pqr678,6
blah,blah,blah,7
blas,blas,blas,10
meh,meh,meh,9
abc123,"def 456",ghi789,5
"jkl,012",mno345,pqr678,6
blah,blah,blah,7
blas,blas,blas,10
meh,meh,meh,9
abc123,"def 456",ghi789,5
"jkl,012",mno345,pqr678,6
blah,blah,blah,7
blas,blas,blas,10
meh,meh,meh,9
abc123,"def 456",ghi789,5
"jkl,012",mno345,pqr678,6
blah,blah,blah,7
blas,blas,blas,10
meh,meh,meh,9
abc123,"def 456",ghi789,5
"jkl,012",mno345,pqr678,6
blah,blah,blah,7
blas,blas,blas,10
meh,meh,meh,9
abc123,"def 456",ghi789,5
"jkl,012",mno345,pqr678,6
blah,blah,blah,7
blas,blas,blas,10
meh,meh,meh,9
abc123,"def 456",ghi789,5
"jkl,012",mno345,pqr678,6
blah,blah,blah,7
blas,blas,blas,10
meh,meh,meh,9
abc123,"def 456",ghi789,5
"jkl,012",mno345,pqr678,6
blah,blah,blah,7
blas,blas,blas,10
meh,meh,meh,9
abc123,"def 456",ghi789,5
"jkl,012",mno345,pqr678,6
blah,blah,blah,7
blas,blas,blas,10
meh,meh,meh,9
abc123,"def 456",ghi789,5
"jkl,012",mno345,pqr678,6
blah,blah,blah,7
blas,blas,blas,10
meh,meh,meh,9
abc123,"def 456",ghi789,5
"jkl,012",mno345,pqr678,6
blah,blah,blah,7
blas,blas,blas,10
meh,meh,meh,9
abc123,"def 456",ghi789,5
"jkl,012",mno345,pqr678,6
blah,blah,blah,7
blas,blas,blas,10
meh,meh,meh,9
abc123,"def 456",ghi789,5
"jkl,012",mno345,pqr678,6
blah,blah,blah,7
blas,blas,blas,10
meh,meh,meh,9
abc123,"def 456",ghi789,5
"jkl,012",mno345,pqr678,6
blah,blah,blah,7
blas,blas,blas,10
meh,meh,meh,9
abc123,"def 456",ghi789,5
"jkl,012",mno345,pqr678,6
blah,blah,blah,7
blas,blas,blas,10
meh,meh,meh,9
abc123,"def 456",ghi789,5
"jkl,012",mno345,pqr678,6
blah,blah,blah,7
blas,blas,blas,10
meh,meh,meh,9
abc123,"def 456",ghi789,5
"jkl,012",mno345,pqr678,6
blah,blah,blah,7
blas,blas,blas,10
meh,meh,meh,9
abc123,"def 456",ghi789,5
"jkl,012",mno345,pqr678,6
blah,blah,blah,7
blas,blas,blas,10
meh,meh,meh,9
abc123,"def 456",ghi789,5
"jkl,012",mno345,pqr678,6
blah,blah,blah,7
blas,blas,blas,10
meh,meh,meh,9
abc123,"def 456",ghi789,5
"jkl,012",mno345,pqr678,6
blah,blah,blah,7
blas,blas,blas,10
meh,meh,meh,9
abc123,"def 456",ghi789,5
"jkl,012",mno345,pqr678,6
blah,blah,blah,7
blas,blas,blas,10
meh,meh,meh,9
abc123,"def 456",ghi789,5
"jkl,012",mno345,pqr678,6
blah,blah,blah,7
blas,blas,blas,10
meh,meh,meh,9
abc123,"def 456",ghi789,5
"jkl,012",mno345,pqr678,6
blah,blah,blah,7
blas,blas,blas,10
meh,meh,meh,9
abc123,"def 456",ghi789,5
"jkl,012",mno345,pqr678,6
blah,blah,blah,7
blas,blas,blas,10
meh,meh,meh,9
abc123,"def 456",ghi789,5
"jkl,012",mno345,pqr678,6
blah,blah,blah,7
blas,blas,blas,10
meh,meh,meh,9
abc123,"def 456",ghi789,5
"jkl,012",mno345,pqr678,6
blah,blah,blah,7
blas,blas,blas,10
meh,meh,meh,9
abc123,"def 456",ghi789,5
"jkl,012",mno345,pqr678,6
blah,blah,blah,7
blas,blas,blas,10
meh,meh,meh,9
abc123,"def 456",ghi789,5
"jkl,012",mno345,pqr678,6
blah,blah,blah,7
blas,blas,blas,10
meh,meh,meh,9
abc123,"def 456",ghi789,5
"jkl,012",mno345,pqr678,6
blah,blah,blah,7
blas,blas,blas,10
meh,meh,meh,9
abc123,"def 456",ghi789,5
"jkl,012",mno345,pqr678,6
blah,blah,blah,7
blas,blas,blas,10
meh,meh,meh,9
abc123,"def 456",ghi789,5
"jkl,012",mno345,pqr678,6
blah,blah,blah,7
blas,blas,blas,10
meh,meh,meh,9
abc123,"def 456",ghi789,5
"jkl,012",mno345,pqr678,6
blah,blah,blah,7
blas,blas,blas,10
meh,meh,meh,9
abc123,"def 456",ghi789,5
"jkl,012",mno345,pqr678,6
blah,blah,blah,7
blas,blas,blas,10
meh,meh,meh,9
abc123,"def 456",ghi789,5
"jkl,012",mno345,pqr678,6
blah,blah,blah,7
blas,blas,blas,10
meh,meh,meh,9
abc123,"def 456",ghi789,5
"jkl,012",mno345,pqr678,6
blah,blah,blah,7
blas,blas,blas,10
meh,meh,meh,9
abc123,"def 456",ghi789,5
"jkl,012",mno345,pqr678,6
blah,blah,blah,7
blas,blas,blas,10
meh,meh,meh,9
abc123,"def 456",ghi789,5
"jkl,012",mno345,pqr678,6
blah,blah,blah,7
blas,blas,blas,10
meh,meh,meh,9
abc123,"def 456",ghi789,5
"jkl,012",mno345,pqr678,6
blah,blah,blah,7
blas,blas,blas,10
meh,meh,meh,9
abc123,"def 456",ghi789,5
"jkl,012",mno345,pqr678,6
blah,blah,blah,7
blas,blas,blas,10
meh,meh,meh,9
abc123,"def 456",ghi789,5
"jkl,012",mno345,pqr678,6
blah,blah,blah,7
blas,blas,blas,10
meh,meh,meh,9
abc123,"def 456",ghi789,5
"jkl,012",mno345,pqr678,6
blah,blah,blah,7
blas,blas,blas,10
meh,meh,meh,9
abc123,"def 456",ghi789,5
"jkl,012",mno345,pqr678,6
blah,blah,blah,7
blas,blas,blas,10
meh,meh,meh,9
abc123,"def 456",ghi789,5
"jkl,012",mno345,pqr678,6
blah,blah,blah,7
blas,blas,blas,10
meh,meh,meh,9
abc123,"def 456",ghi789,5
"jkl,012",mno345,pqr678,6
blah,blah,blah,7
blas,blas,blas,10
meh,meh,meh,9
abc123,"def 456",ghi789,5
"jkl,012",mno345,pqr678,6
blah,blah,blah,7
blas,blas,blas,10
meh,meh,meh,9
abc123,"def 456",ghi789,5
"jkl,012",mno345,pqr678,6
blah,blah,blah,7
blas,blas,blas,10
meh,meh,meh,9
abc123,"def 456",ghi789,5
"jkl,012",mno345,pqr678,6
blah,blah,blah,7
blas,blas,blas,10
meh,meh,meh,9
abc123,"def 456",ghi789,5
"jkl,012",mno345,pqr678,6
blah,blah,blah,7
blas,blas,blas,10
meh,meh,meh,9
abc123,"def 456",ghi789,5
"jkl,012",mno345,pqr678,6
blah,blah,blah,7
blas,blas,blas,10
meh,meh,meh,9
abc123,"def 456",ghi789,5
"jkl,012",mno345,pqr678,6
blah,blah,blah,7
blas,blas,blas,10
meh,meh,meh,9
abc123,"def 456",ghi789,5
"jkl,012",mno345,pqr678,6
blah,blah,blah,7
blas,blas,blas,10
meh,meh,meh,9
abc123,"def 456",ghi789,5
"jkl,012",mno345,pqr678,6
blah,blah,blah,7
blas,blas,blas,10
meh,meh,meh,9
abc123,"def 456",ghi789,5
"jkl,012",mno345,pqr678,6
blah,blah,blah,7
blas,blas,blas,10
meh,meh,meh,9
abc123,"def 456",ghi789,5
"jkl,012",mno345,pqr678,6
blah,blah,blah,7
blas,blas,blas,10
meh,meh,meh,9
abc123,"def 456",ghi789,5
"jkl,012",mno345,pqr678,6
blah,blah,blah,7
blas,blas,blas,10
meh,meh,meh,9
abc123,"def 456",ghi789,5
"jkl,012",mno345,pqr678,6
blah,blah,blah,7
blas,blas,blas,10
meh,meh,meh,9
abc123,"def 456",ghi789,5
"jkl,012",mno345,pqr678,6
blah,blah,blah,7
blas,blas,blas,10
meh,meh,meh,9
abc123,"def 456",ghi789,5
"jkl,012",mno345,pqr678,6
blah,blah,blah,7
blas,blas,blas,10
meh,meh,meh,9
abc123,"def 456",ghi789,5
"jkl,012",mno345,pqr678,6
blah,blah,blah,7
blas,blas,blas,10
meh,meh,meh,9
abc123,"def 456",ghi789,5
"jkl,012",mno345,pqr678,6
blah,blah,blah,7
blas,blas,blas,10
meh,meh,meh,9
abc123,"def 456",ghi789,5
"jkl,012",mno345,pqr678,6
blah,blah,blah,7
blas,blas,blas,10
meh,meh,meh,9
abc123,"def 456",ghi789,5
"jkl,012",mno345,pqr678,6
blah,blah,blah,7
blas,blas,blas,10
meh,meh,meh,9
abc123,"def 456",ghi789,5
"jkl,012",mno345,pqr678,6
blah,blah,blah,7
blas,blas,blas,10
meh,meh,meh,9
abc123,"def 456",ghi789,5
"jkl,012",mno345,pqr678,6
blah,blah,blah,7
blas,blas,blas,10
meh,meh,meh,9
abc123,"def 456",ghi789,5
"jkl,012",mno345,pqr678,6
blah,blah,blah,7
blas,blas,blas,10
meh,meh,meh,9
abc123,"def 456",ghi789,5
"jkl,012",mno345,pqr678,6
blah,blah,blah,7
blas,blas,blas,10
meh,meh,meh,9
abc123,"def 456",ghi789,5
"jkl,012",mno345,pqr678,6
blah,blah,blah,7
blas,blas,blas,10
meh,meh,meh,9
abc123,"def 456",ghi789,5
"jkl,012",mno345,pqr678,6
blah,blah,blah,7
blas,blas,blas,10
meh,meh,meh,9
abc123,"def 456",ghi789,5
"jkl,012",mno345,pqr678,6
blah,blah,blah,7
blas,blas,blas,10
meh,meh,meh,9
abc123,"def 456",ghi789,5
"jkl,012",mno345,pqr678,6
blah,blah,blah,7
blas,blas,blas,10
meh,meh,meh,9
abc123,"def 456",ghi789,5
"jkl,012",mno345,pqr678,6
blah,blah,blah,7
blas,blas,blas,10
meh,meh,meh,9
abc123,"def 456",ghi789,5
"jkl,012",mno345,pqr678,6
blah,blah,blah,7
blas,blas,blas,10
meh,meh,meh,9
abc123,"def 456",ghi789,5
"jkl,012",mno345,pqr678,6
blah,blah,blah,7
blas,blas,blas,10
meh,meh,meh,9
abc123,"def 456",ghi789,5
"jkl,012",mno345,pqr678,6
blah,blah,blah,7
blas,blas,blas,10
meh,meh,meh,9
abc123,"def 456",ghi789,5
"jkl,012",mno345,pqr678,6
blah,blah,blah,7
blas,blas,blas,10
meh,meh,meh,9
abc123,"def 456",ghi789,5
"jkl,012",mno345,pqr678,6
blah,blah,blah,7
blas,blas,blas,10
meh,meh,meh,9
abc123,"def 456",ghi789,5
"jkl,012",mno345,pqr678,6
blah,blah,blah,7
blas,blas,blas,10
meh,meh,meh,9
abc123,"def 456",ghi789,5
"jkl,012",mno345,pqr678,6
blah,blah,blah,7
blas,blas,blas,10
meh,meh,meh,9
abc123,"def 456",ghi789,5
"jkl,012",mno345,pqr678,6
blah,blah,blah,7
blas,blas,blas,10
meh,meh,meh,9
abc123,"def 456",ghi789,5
"jkl,012",mno345,pqr678,6
blah,blah,blah,7
blas,blas,blas,10
meh,meh,meh,9
abc123,"def 456",ghi789,5
"jkl,012",mno345,pqr678,6
blah,blah,blah,7
blas,blas,blas,10
meh,meh,meh,9
abc123,"def 456",ghi789,5
"jkl,012",mno345,pqr678,6
blah,blah,blah,7
blas,blas,blas,10
meh,meh,meh,9
abc123,"def 456",ghi789,5
"jkl,012",mno345,pqr678,6
blah,blah,blah,7
blas,blas,blas,10
meh,meh,meh,9
abc123,"def 456",ghi789,5
"jkl,012",mno345,pqr678,6
blah,blah,blah,7
blas,blas,blas,10
meh,meh,meh,9
abc123,"def 456",ghi789,5
"jkl,012",mno345,pqr678,6
blah,blah,blah,7
blas,blas,blas,10
meh,meh,meh,9
abc123,"def 456",ghi789,5
"jkl,012",mno345,pqr678,6
blah,blah,blah,7
blas,blas,blas,10
meh,meh,meh,9
abc123,"def 456",ghi789,5
"jkl,012",mno345,pqr678,6
blah,blah,blah,7
blas,blas,blas,10
meh,meh,meh,9
abc123,"def 456",ghi789,5
"jkl,012",mno345,pqr678,6
blah,blah,blah,7
blas,blas,blas,10
meh,meh,meh,9
abc123,"def 456",ghi789,5
"jkl,012",mno345,pqr678,6
blah,blah,blah,7
blas,blas,blas,10
meh,meh,meh,9
abc123,"def 456",ghi789,5
"jkl,012",mno345,pqr678,6
blah,blah,blah,7
blas,blas,blas,10
meh,meh,meh,9
abc123,"def 456",ghi789,5
"jkl,012",mno345,pqr678,6
blah,blah,blah,7
blas,blas,blas,10
meh,meh,meh,9
abc123,"def 456",ghi789,5
"jkl,012",mno345,pqr678,6
blah,blah,blah,7
blas,blas,blas,10
meh,meh,meh,9
abc123,"def 456",ghi789,5
"jkl,012",mno345,pqr678,6
blah,blah,blah,7
blas,blas,blas,10
meh,meh,meh,9
abc123,"def 456",ghi789,5
"jkl,012",mno345,pqr678,6
blah,blah,blah,7
blas,blas,blas,10
meh,meh,meh,9
abc123,"def 456",ghi789,5
"jkl,012",mno345,pqr678,6
blah,blah,blah,7
blas,blas,blas,10
meh,meh,meh,9
abc123,"def 456",ghi789,5
"jkl,012",mno345,pqr678,6
blah,blah,blah,7
blas,blas,blas,10
meh,meh,meh,9
abc123,"def 456",ghi789,5
"jkl,012",mno345,pqr678,6
blah,blah,blah,7
blas,blas,blas,10
meh,meh,meh,9
abc123,"def 456",ghi789,5
"jkl,012",mno345,pqr678,6
blah,blah,blah,7
blas,blas,blas,10
meh,meh,meh,9
abc123,"def 456",ghi789,5
"jkl,012",mno345,pqr678,6
blah,blah,blah,7
blas,blas,blas,10
meh,meh,meh,9
abc123,"def 456",ghi789,5
"jkl,012",mno345,pqr678,6
blah,blah,blah,7
blas,blas,blas,10
meh,meh,meh,9
abc123,"def 456",ghi789,5
"jkl,012",mno345,pqr678,6
blah,blah,blah,7
blas,blas,blas,10
meh,meh,meh,9
abc123,"def 456",ghi789,5
"jkl,012",mno345,pqr678,6
blah,blah,blah,7
blas,blas,blas,10
meh,meh,meh,9
abc123,"def 456",ghi789,5
"jkl,012",mno345,pqr678,6
blah,blah,blah,7
blas,blas,blas,10
meh,meh,meh,9
abc123,"def 456",ghi789,5
"jkl,012",mno345,pqr678,6
blah,blah,blah,7
blas,blas,blas,10
meh,meh,meh,9
abc123,"def 456",ghi789,5
"jkl,012",mno345,pqr678,6
blah,blah,blah,7
blas,blas,blas,10
meh,meh,meh,9
abc123,"def 456",ghi789,5
"jkl,012",mno345,pqr678,6
blah,blah,blah,7
blas,blas,blas,10
meh,meh,meh,9
abc123,"def 456",ghi789,5
"jkl,012",mno345,pqr678,6
blah,blah,blah,7
blas,blas,blas,10
meh,meh,meh,9
abc123,"def 456",ghi789,5
"jkl,012",mno345,pqr678,6
blah,blah,blah,7
blas,blas,blas,10
meh,meh,meh,9
abc123,"def 456",ghi789,5
"jkl,012",mno345,pqr678,6
blah,blah,blah,7
blas,blas,blas,10
meh,meh,meh,9
abc123,"def 456",ghi789,5
"jkl,012",mno345,pqr678,6
blah,blah,blah,7
blas,blas,blas,10
meh,meh,meh,9
abc123,"def 456",ghi789,5
"jkl,012",mno345,pqr678,6
blah,blah,blah,7
blas,blas,blas,10
meh,meh,meh,9
abc123,"def 456",ghi789,5
"jkl,012",mno345,pqr678,6
blah,blah,blah,7
blas,blas,blas,10
meh,meh,meh,9
abc123,"def 456",ghi789,5
"jkl,012",mno345,pqr678,6
blah,blah,blah,7
blas,blas,blas,10
meh,meh,meh,9
abc123,"def 456",ghi789,5
"jkl,012",mno345,pqr678,6
blah,blah,blah,7
blas,blas,blas,10
meh,meh,meh,9
abc123,"def 456",ghi789,5
"jkl,012",mno345,pqr678,6
blah,blah,blah,7
blas,blas,blas,10
meh,meh,meh,9
abc123,"def 456",ghi789,5
"jkl,012",mno345,pqr678,6
blah,blah,blah,7
blas,blas,blas,10
meh,meh,meh,9
abc123,"def 456",ghi789,5
"jkl,012",mno345,pqr678,6
blah,blah,blah,7
blas,blas,blas,10
meh,meh,meh,9
abc123,"def 456",ghi789,5
"jkl,012",mno345,pqr678,6
blah,blah,blah,7
blas,blas,blas,10
meh,meh,meh,9
abc123,"def 456",ghi789,5
"jkl,012",mno345,pqr678,6
blah,blah,blah,7
blas,blas,blas,10
meh,meh,meh,9
abc123,"def 456",ghi789,5
"jkl,012",mno345,pqr678,6
blah,blah,blah,7
blas,blas,blas,10
meh,meh,meh,9
abc123,"def 456",ghi789,5
"jkl,012",mno345,pqr678,6
blah,blah,blah,7
blas,blas,blas,10
meh,meh,meh,9
abc123,"def 456",ghi789,5
"jkl,012",mno345,pqr678,6
blah,blah,blah,7
blas,blas,blas,10
meh,meh,meh,9
abc123,"def 456",ghi789,5
"jkl,012",mno345,pqr678,6
blah,blah,blah,7
blas,blas,blas,10
meh,meh,meh,9
abc123,"def 456",ghi789,5
"jkl,012",mno345,pqr678,6
blah,blah,blah,7
blas,blas,blas,10
meh,meh,meh,9
abc123,"def 456",ghi789,5
"jkl,012",mno345,pqr678,6
blah,blah,blah,7
blas,blas,blas,10
meh,meh,meh,9
abc123,"def 456",ghi789,5
"jkl,012",mno345,pqr678,6
blah,blah,blah,7
blas,blas,blas,10
meh,meh,meh,9
abc123,"def 456",ghi789,5
"jkl,012",mno345,pqr678,6
blah,blah,blah,7
blas,blas,blas,10
meh,meh,meh,9
abc123,"def 456",ghi789,5
"jkl,012",mno345,pqr678,6
blah,blah,blah,7
blas,blas,blas,10
meh,meh,meh,9
abc123,"def 456",ghi789,5
"jkl,012",mno345,pqr678,6
blah,blah,blah,7
blas,blas,blas,10
meh,meh,meh,9
abc123,"def 456",ghi789,5
"jkl,012",mno345,pqr678,6
blah,blah,blah,7
blas,blas,blas,10
meh,meh,meh,9
abc123,"def 456",ghi789,5
"jkl,012",mno345,pqr678,6
blah,blah,blah,7
blas,blas,blas,10
meh,meh,meh,9
abc123,"def 456",ghi789,5
"jkl,012",mno345,pqr678,6
blah,blah,blah,7
blas,blas,blas,10
meh,meh,meh,9
abc123,"def 456",ghi789,5
"jkl,012",mno345,pqr678,6
blah,blah,blah,7
blas,blas,blas,10
meh,meh,meh,9
abc123,"def 456",ghi789,5
"jkl,012",mno345,pqr678,6
blah,blah,blah,7
blas,blas,blas,10
meh,meh,meh,9
abc123,"def 456",ghi789,5
"jkl,012",mno345,pqr678,6
blah,blah,blah,7
blas,blas,blas,10
meh,meh,meh,9
abc123,"def 456",ghi789,5
"jkl,012",mno345,pqr678,6
blah,blah,blah,7
blas,blas,blas,10
meh,meh,meh,9
abc123,"def 456",ghi789,5
"jkl,012",mno345,pqr678,6
blah,blah,blah,7
blas,blas,blas,10
meh,meh,meh,9
abc123,"def 456",ghi789,5
"jkl,012",mno345,pqr678,6
blah,blah,blah,7
blas,blas,blas,10
meh,meh,meh,9
abc123,"def 456",ghi789,5
"jkl,012",mno345,pqr678,6
blah,blah,blah,7
blas,blas,blas,10
meh,meh,meh,9
abc123,"def 456",ghi789,5
"jkl,012",mno345,pqr678,6
blah,blah,blah,7
blas,blas,blas,10
meh,meh,meh,9
abc123,"def 456",ghi789,5
"jkl,012",mno345,pqr678,6
blah,blah,blah,7
blas,blas,blas,10
meh,meh,meh,9
abc123,"def 456",ghi789,5
"jkl,012",mno345,pqr678,6
blah,blah,blah,7
blas,blas,blas,10
meh,meh,meh,9
abc123,"def 456",ghi789,5
"jkl,012",mno345,pqr678,6
blah,blah,blah,7
blas,blas,blas,10
meh,meh,meh,9
abc123,"def 456",ghi789,5
"jkl,012",mno345,pqr678,6
blah,blah,blah,7
blas,blas,blas,10
meh,meh,meh,9
abc123,"def 456",ghi789,5
"jkl,012",mno345,pqr678,6
blah,blah,blah,7
blas,blas,blas,10
meh,meh,meh,9
abc123,"def 456",ghi789,5
"jkl,012",mno345,pqr678,6
blah,blah,blah,7
blas,blas,blas,10
meh,meh,meh,9
abc123,"def 456",ghi789,5
"jkl,012",mno345,pqr678,6
blah,blah,blah,7
blas,blas,blas,10
meh,meh,meh,9
abc123,"def 456",ghi789,5
"jkl,012",mno345,pqr678,6
blah,blah,blah,7
blas,blas,blas,10
meh,meh,meh,9
abc123,"def 456",ghi789,5
"jkl,012",mno345,pqr678,6
blah,blah,blah,7
blas,blas,blas,10
meh,meh,meh,9
abc123,"def 456",ghi789,5
"jkl,012",mno345,pqr678,6
blah,blah,blah,7
blas,blas,blas,10
meh,meh,meh,9
abc123,"def 456",ghi789,5
"jkl,012",mno345,pqr678,6
blah,blah,blah,7
blas,blas,blas,10
meh,meh,meh,9
abc123,"def 456",ghi789,5
"jkl,012",mno345,pqr678,6
blah,blah,blah,7
blas,blas,blas,10
meh,meh,meh,9
abc123,"def 456",ghi789,5
"jkl,012",mno345,pqr678,6
blah,blah,blah,7
blas,blas,blas,10
meh,meh,meh,9
abc123,"def 456",ghi789,5
"jkl,012",mno345,pqr678,6
blah,blah,blah,7
blas,blas,blas,10
meh,meh,meh,9
abc123,"def 456",ghi789,5
"jkl,012",mno345,pqr678,6
blah,blah,blah,7
blas,blas,blas,10
meh,meh,meh,9
abc123,"def 456",ghi789,5
"jkl,012",mno345,pqr678,6
blah,blah,blah,7
blas,blas,blas,10
meh,meh,meh,9
abc123,"def 456",ghi789,5
"jkl,012",mno345,pqr678,6
blah,blah,blah,7
blas,blas,blas,10
meh,meh,meh,9
abc123,"def 456",ghi789,5
"jkl,012",mno345,pqr678,6
blah,blah,blah,7
blas,blas,blas,10
meh,meh,meh,9
abc123,"def 456",ghi789,5
"jkl,012",mno345,pqr678,6
blah,blah,blah,7
blas,blas,blas,10
meh,meh,meh,9
abc123,"def 456",ghi789,5
"jkl,012",mno345,pqr678,6
blah,blah,blah,7
blas,blas,blas,10
meh,meh,meh,9
abc123,"def 456",ghi789,5
"jkl,012",mno345,pqr678,6
blah,blah,blah,7
blas,blas,blas,10
meh,meh,meh,9
abc123,"def 456",ghi789,5
"jkl,012",mno345,pqr678,6
blah,blah,blah,7
blas,blas,blas,10
meh,meh,meh,9
abc123,"def 456",ghi789,5
"jkl,012",mno345,pqr678,6
blah,blah,blah,7
blas,blas,blas,10
meh,meh,meh,9
abc123,"def 456",ghi789,5
"jkl,012",mno345,pqr678,6
blah,blah,blah,7
blas,blas,blas,10
meh,meh,meh,9
abc123,"def 456",ghi789,5
"jkl,012",mno345,pqr678,6
blah,blah,blah,7
blas,blas,blas,10
meh,meh,meh,9
abc123,"def 456",ghi789,5
"jkl,012",mno345,pqr678,6
blah,blah,blah,7
blas,blas,blas,10
meh,meh,meh,9
abc123,"def 456",ghi789,5
"jkl,012",mno345,pqr678,6
blah,blah,blah,7
blas,blas,blas,10
meh,meh,meh,9
abc123,"def 456",ghi789,5
"jkl,012",mno345,pqr678,6
blah,blah,blah,7
blas,blas,blas,10
meh,meh,meh,9
abc123,"def 456",ghi789,5
"jkl,012",mno345,pqr678,6
blah,blah,blah,7
blas,blas,blas,10
meh,meh,meh,9
abc123,"def 456",ghi789,5
"jkl,012",mno345,pqr678,6
blah,blah,blah,7
blas,blas,blas,10
meh,meh,meh,9
abc123,"def 456",ghi789,5
"jkl,012",mno345,pqr678,6
blah,blah,blah,7
blas,blas,blas,10
meh,meh,meh,9
abc123,"def 456",ghi789,5
"jkl,012",mno345,pqr678,6
blah,blah,blah,7
blas,blas,blas,10
meh,meh,meh,9
abc123,"def 456",ghi789,5
"jkl,012",mno345,pqr678,6
blah,blah,blah,7
blas,blas,blas,10
meh,meh,meh,9
abc123,"def 456",ghi789,5
"jkl,012",mno345,pqr678,6
blah,blah,blah,7
blas,blas,blas,10
meh,meh,meh,9
abc123,"def 456",ghi789,5
"jkl,012",mno345,pqr678,6
blah,blah,blah,7
blas,blas,blas,10
meh,meh,meh,9
abc123,"def 456",ghi789,5
"jkl,012",mno345,pqr678,6
blah,blah,blah,7
blas,blas,blas,10
meh,meh,meh,9
abc123,"def 456",ghi789,5
"jkl,012",mno345,pqr678,6
blah,blah,blah,7
blas,blas,blas,10
meh,meh,meh,9
abc123,"def 456",ghi789,5
"jkl,012",mno345,pqr678,6
blah,blah,blah,7
blas,blas,blas,10
meh,meh,meh,9
abc123,"def 456",ghi789,5
"jkl,012",mno345,pqr678,6
blah,blah,blah,7
blas,blas,blas,10
meh,meh,meh,9
abc123,"def 456",ghi789,5
"jkl,012",mno345,pqr678,6
blah,blah,blah,7
blas,blas,blas,10
meh,meh,meh,9
abc123,"def 456",ghi789,5
"jkl,012",mno345,pqr678,6
blah,blah,blah,7
blas,blas,blas,10
meh,meh,meh,9
abc123,"def 456",ghi789,5
"jkl,012",mno345,pqr678,6
blah,blah,blah,7
blas,blas,blas,10
meh,meh,meh,9
abc123,"def 456",ghi789,5
"jkl,012",mno345,pqr678,6
blah,blah,blah,7
blas,blas,blas,10
meh,meh,meh,9
abc123,"def 456",ghi789,5
"jkl,012",mno345,pqr678,6
blah,blah,blah,7
blas,blas,blas,10
meh,meh,meh,9
abc123,"def 456",ghi789,5
"jkl,012",mno345,pqr678,6
blah,blah,blah,7
blas,blas,blas,10
meh,meh,meh,9
abc123,"def 456",ghi789,5
"jkl,012",mno345,pqr678,6
blah,blah,blah,7
blas,blas,blas,10
meh,meh,meh,9
abc123,"def 456",ghi789,5
"jkl,012",mno345,pqr678,6
blah,blah,blah,7
blas,blas,blas,10
meh,meh,meh,9
abc123,"def 456",ghi789,5
"jkl,012",mno345,pqr678,6
blah,blah,blah,7
blas,blas,blas,10
meh,meh,meh,9
abc123,"def 456",ghi789,5
"jkl,012",mno345,pqr678,6
blah,blah,blah,7
blas,blas,blas,10
meh,meh,meh,9
abc123,"def 456",ghi789,5
"jkl,012",mno345,pqr678,6
blah,blah,blah,7
blas,blas,blas,10
meh,meh,meh,9
abc123,"def 456",ghi789,5
"jkl,012",mno345,pqr678,6
blah,blah,blah,7
blas,blas,blas,10
meh,meh,meh,9
abc123,"def 456",ghi789,5
"jkl,012",mno345,pqr678,6
blah,blah,blah,7
blas,blas,blas,10
meh,meh,meh,9
abc123,"def 456",ghi789,5
"jkl,012",mno345,pqr678,6
blah,blah,blah,7
blas,blas,blas,10
meh,meh,meh,9
abc123,"def 456",ghi789,5
"jkl,012",mno345,pqr678,6
blah,blah,blah,7
blas,blas,blas,10
meh,meh,meh,9
abc123,"def 456",ghi789,5
"jkl,012",mno345,pqr678,6
blah,blah,blah,7
blas,blas,blas,10
meh,meh,meh,9
abc123,"def 456",ghi789,5
"jkl,012",mno345,pqr678,6
blah,blah,blah,7
blas,blas,blas,10
meh,meh,meh,9
abc123,"def 456",ghi789,5
"jkl,012",mno345,pqr678,6
blah,blah,blah,7
blas,blas,blas,10
meh,meh,meh,9
abc123,"def 456",ghi789,5
"jkl,012",mno345,pqr678,6
blah,blah,blah,7
blas,blas,blas,10
meh,meh,meh,9
abc123,"def 456",ghi789,5
"jkl,012",mno345,pqr678,6
blah,blah,blah,7
blas,blas,blas,10
meh,meh,meh,9
abc123,"def 456",ghi789,5
"jkl,012",mno345,pqr678,6
blah,blah,blah,7
blas,blas,blas,10
meh,meh,meh,9
abc123,"def 456",ghi789,5
"jkl,012",mno345,pqr678,6
blah,blah,blah,7
blas,blas,blas,10
meh,meh,meh,9
abc123,"def 456",ghi789,5
"jkl,012",mno345,pqr678,6
blah,blah,blah,7
blas,blas,blas,10
meh,meh,meh,9
abc123,"def 456",ghi789,5
"jkl,012",mno345,pqr678,6
blah,blah,blah,7
blas,blas,blas,10
meh,meh,meh,9
